test_loss,test_accuracy,test_f1
0.16877976059292754,0.9566666666666667,0.9763850934110057
