test_loss,test_accuracy,test_f1
0.19200973425836612,0.945,0.9703191009429321
